Sequence ID,Reference Nucleotide,Mutation nucleotide,location,nuc name,protein
nv82,C,T,241,241 C -> T,UTR5
nv82,C,T,913,913 C -> T,NSP2
nv82,T,C,2022,2022 T -> C,NSP2
nv82,C,T,3267,3267 C -> T,NSP3
nv82,G,T,4422,4422 G -> T,NSP3
nv82,T,C,4667,4667 T -> C,NSP3
nv82,T,A,7396,7396 T -> A,NSP3
nv82,A,T,7530,7530 A -> T,NSP3
nv82,C,T,9552,9552 C -> T,NSP4
nv82,T,C,9608,9608 T -> C,NSP4
nv82,A,G,9834,9834 A -> G,NSP4
nv82,A,G,10985,10985 A -> G,NSP6
nv82,T,A,11560,11560 T -> A,NSP6
nv82,A,T,12358,12358 A -> T,NSP8
nv82,C,T,13945,13945 C -> T,NSP12b
nv82,C,G,15540,15540 C -> G,NSP12b
nv82,C,A,15810,15810 C -> A,NSP12b
nv82,A,T,15811,15811 A -> T,NSP12b
nv82,T,C,16176,16176 T -> C,NSP12b
nv82,T,C,22159,22159 T -> C,S
nv82,T,C,22977,22977 T -> C,S
nv82,T,C,23031,23031 T -> C,S
nv82,A,T,23063,23063 A -> T,S
nv82,C,A,23271,23271 C -> A,S
nv82,A,G,23403,23403 A -> G,S
nv82,T,C,25144,25144 T -> C,S
nv82,A,G,25223,25223 A -> G,S
nv82,G,T,25644,25644 G -> T,ORF3a
nv82,A,G,28111,28111 A -> G,ORF8
nv82,G,C,28280,28280 G -> C,N
nv82,A,T,28281,28281 A -> T,N
nv82,T,A,28282,28282 T -> A,N
nv82,C,T,28651,28651 C -> T,N
nv82,C,G,29870,29870 C -> G,UTR3
nv82,C,T,29870,29870 C -> T,UTR3
